,"Questions 153154 refer to the following advertisement

The Mountain View
in the heart of beautiful Basel Gwitzerfand

GRAND OPENING

Reduced rates — from September to November all rooms are 20 reduced
Great location — within walking distance to old city center and museums
Modern facilities — luxury suites Internet access fitness room
Complimentary breakfast

For more information or to book a room please contact us at
The Mountain View
Neue Gasse 34
8008 Basel
Switzerland
4144 555 41 67
Or visit us online at wwwmountainviewcom

 
"
,"English                          

In November 2015 we introduced the
Go Code of Conduct It was developed
in a collaboration between the Go
team members at Google and the Go
community  was fortunate to be one
of the community members invited to
participate in both drafting and then
enforcing the Go Code of Conduct
Since then we have learned two
lessons about limitations in our code of
conduct that restricted us from being
able to cultivate the safe culture
essential to Gos success

Korean                        Oo   4
2015 년１１월에 Go Go of Conduct
도입했습니다 8００9０의 8０ 팀원과
００커뮤니티 간의공동작업으로개발
되었습니다 나는행운의 함통 규범을
키고 시행하는 데 잠여하도록 조대
된궁동제 구성원중 하나가되어행운
이었다 그 이후로 우리는 8０의 성공에
BSA ht SS Sd sen
ES AME BS HSI 740 대
oS 7 BES SASU ct
2015 nyeon 11 wole Go Go of
Conductleul doibhaessseubnida
Googleui Go timwongwa Go
"
,"저기 저 위태로워 보이는 낙엽은 우리를 보는 것 같아서
손이 닿으면 단숨에라도 바스라질 것만 같아서
그저 바라만 봤지 가을의 바람과 같이

어느새 차가워진 말투와 표정

관계는 시들어만 가는 게 보여

가을 하늘처럼 공허한 사이

예전과는 다른 모호한 차이

오늘따라 훨씬 더 조용한 밤

가지 위에 달린 낙엽 한 장

부서지네 끝이란 게 보여 말라가는 고엽

초연해진 마음속의 고요

제발 떨어지지 말아주오

떨어지지 말아줘 바스라지는 고엽
"
etc,"１０6０발신

전국２시간내배송근조축하５단
화환기존１０만원상품
＂５9．０００원
www1600245icokr
"
etc,"대리운전１５88．５５００번

 

aera ae
글누적３역은
는１１５５００점］
BENQ
8500253080
"
etc,"Sse

 

편만하고안전한

귀가는

꿀１５77．7777

금일이용시

6０００점적립１

음주단속확대실시중입니다
새벽6시까지획대
ASISSOL

Lao SDs2

71080 034 0007
"
etc,"（때쩡큐리78００５００５
스깨비듸르

1800 ５００５

해큐에래

 

qHhar
el18005005

08088550057 4
"
etc,"０００6발신
광고１５88운전
어회마일５０００
１０회블랙박스０
전자담배증정

무료거부
0808521117
"
정부,
,"Questions 153154 refer to the following advertisement

The Mountain View
in the heart of beautiful Basel Gwitzerfand

GRAND OPENING

Reduced rates — from September to November all rooms are 20 reduced
Great location — within walking distance to old city center and museums
Modern facilities — luxury suites Internet access fitness room
Complimentary breakfast

For more information or to book a room please contact us at
The Mountain View
Neue Gasse 34
8008 Basel
Switzerland
4144 555 41 67
Or visit us online at wwwmountainviewcom

 
"
,"English                          

In November 2015 we introduced the
Go Code of Conduct It was developed
in a collaboration between the Go
team members at Google and the Go
community  was fortunate to be one
of the community members invited to
participate in both drafting and then
enforcing the Go Code of Conduct
Since then we have learned two
lessons about limitations in our code of
conduct that restricted us from being
able to cultivate the safe culture
essential to Gos success

Korean                        Oo   4
2015 년１１월에 Go Go of Conduct
도입했습니다 8００9０의 8０ 팀원과
００커뮤니티 간의공동작업으로개발
되었습니다 나는행운의 함통 규범을
키고 시행하는 데 잠여하도록 조대
된궁동제 구성원중 하나가되어행운
이었다 그 이후로 우리는 8０의 성공에
BSA ht SS Sd sen
ES AME BS HSI 740 대
oS 7 BES SASU ct
2015 nyeon 11 wole Go Go of
Conductleul doibhaessseubnida
Googleui Go timwongwa Go
"
,"저기 저 위태로워 보이는 낙엽은 우리를 보는 것 같아서
손이 닿으면 단숨에라도 바스라질 것만 같아서
그저 바라만 봤지 가을의 바람과 같이

어느새 차가워진 말투와 표정

관계는 시들어만 가는 게 보여

가을 하늘처럼 공허한 사이

예전과는 다른 모호한 차이

오늘따라 훨씬 더 조용한 밤

가지 위에 달린 낙엽 한 장

부서지네 끝이란 게 보여 말라가는 고엽

초연해진 마음속의 고요

제발 떨어지지 말아주오

떨어지지 말아줘 바스라지는 고엽
"
,"０．０５３6０００３０５３０기키에２１０１
１５０３
５88１０다 8１8  8１０7００78  8１０7０8 １ ０１０7００8 ㅡ7５１００
１０５３０8조리１9르０ ete
Secreto eto et Lote nee
５０５０8랠０５００００１9０００9０００6이１００００５５３6００ eo oo

０8００３０
ee eo ee
Tee ema lal    pS fol Saeco Deo oe １１１6

  

Tea oR eee래6
fms ER Ga       9００이１ ００１ 8０（ １０646 １8００8
cae amc      peel aU emo canned
crea melas        can mee od od
ea ee ee ec
늘이비니           9００１１ ０００8．５００897５０6１００ 8０9５
Senso           OMe

PO See oe ae eee ele ee La

ee i eed

Orientation and script detection OSD only

Oe ae lil

Police ta temo Met lected a OO Oe Ae
6１１ ００6０8０치２ １０００8 ５００００78０6１００． 846００ ０9０． （０8１8１8
０6０4３３．０7０００984０１．０9해０１．３ o Rd

ool ea Meld lore ae eo
eee Mel ore ae oa
ie

１7００５ ０8 １88０8 ０５ 8 ５１００１ ０7０

Treat the image as a single word in a circle

１7０86 태6１０００8 ０５ 8 ５１０9１6 다878다아

98０7５8 １０다． ㅑ１００．０8 삐에 8０4 ０５ ００５9１이으 １9 ００ ０8０6１의１87 ００87
9００7５8 １０안 비네 ００

CR ee ae

cea Me a OCs ol od Rd

cette eee eto

００8 ５０１０6 ００9５
０    Pom
i    Neural nets LSTM engine only
2    oe
3   Default based on what is available

Single options

Show minimal help message

Slee ate ele em es

SS Te tees eta ele cd

Show OCR Engine modes

Show version information

laure        Ce ae oe en
eee ey    gee

   
"
etc,"１０6０발신

전국２시간내배송근조축하５단
화환기존１０만원상품
＂５9．０００원
www1600245icokr
"
etc,"대리운전１５88．５５００번

 

aera ae
글누적３역은
는１１５５００점］
BENQ
8500253080
"
etc,"Sse

 

편만하고안전한

귀가는

꿀１５77．7777

금일이용시

6０００점적립１

음주단속확대실시중입니다
새벽6시까지획대
ASISSOL

Lao SDs2

71080 034 0007
"
etc,"（때쩡큐리78００５００５
스깨비듸르

1800 ５００５

해큐에래

 

qHhar
el18005005

08088550057 4
"
etc,"０００6발신
광고１５88운전
어회마일５０００
１０회블랙박스０
전자담배증정

무료거부
0808521117
"
etc,"Sale                             ay
ㄱ 6． 심리학 실험                            빼

Ofzlofolol al OFA Ae 17h ST 1S SE OIA IT HOS 7B B71S Me 째먹지 않고참아서 ２개를 we OO HO A144 182 alate oF
이를보다더훌룸하게 되웠다는 Lele} Peel ObAlMe 10b774 ACF O OLA O AHO 47} Sore  RACE Ze ogo AAAS
SACH GHAIGE 0 BO} HAA eto BLU OBE 201I9e SAAE chemo He Bojelst 21x of ele 18 CognitionOl Rational Sna
ching Ol2} MR S2 LH ELOL A O CF ATO Chey TAS Heo vw LIM OFAlMew wel We Ools SWE Hes RAS 2
Ol OfL2t ESO SOS SLES SACHS IF so as  g7 WavOlaD SC ISS wese HAA Met OF IE Hl et
 Wits Sate 2 ICE Se 714 “PIA BALA Het OFS AR SO Al7Iw Aojera 7ICHspO Hc Oey 7ICHe Azo
SACHetD SSAC
"
정부,
,"０００98００8．１５３１５47０6１１０ｍ００１００4０9．０００００５０ｍ００ㄴ

7１46 １4（6ｍｍ6３１ｍ １68
ｍ１8０．8０００．０ 8００비링49３０５０（ 읍뻐１００１０제

０돠프8．쓰５88１０7 ００１6５１8２6１（78．０과

8０００6０ １게떼8０8１５００8０8０7０888０１ｍ０ｍ8꽤２２０86００００００8
０００8１００8０ｍㅡ１9００8 ００6０8．０88００68０．００．０87０００6１３０4ｍｍ０００8
8０００8０ ００88에］6０68 8１88０ｍ6（３０００8．０００8．ｍ００ｍ
０００88ｍ8００8０３ 8１００6３

１０００３００００００7０7０００００7０7０7．０7０３
7００ ３8００１ 7０
１7０００ ０００５０ ０4
０００8 ０００１
에8２０8０００
어 44 ５５５ １ 67
０77ｍ．０．００１０6ｍ１０테．ｍ０００8ｍ００．００ｍ

 
"
,"５０9태 ㅜ      튜 48 ０ 아 ０ １００ｍ ㅜ        １０ 9０

１０9０００ｍ66２０１５． ００ ００００００         ２０１５ 년 １１ 월에 6０ ００아 ００００００를
００．9００6야 ００００００ １０8５．０００8１００9０        도입했습니다 6００００의 6０ 팀원과
１ｍ8．００１０５０１０１０7．００646０ｍ 6 6０     ００커뮤니티 간의공동작업으로개발

１68ｍｍ０ｍ００１５０１０００96．０００ｍ6 ００         되었습니다 나는행운의 함돔 규범을
００ｍｍｍ０１8．１１9０５０００００6１０ 6０ ０００          지키고시랭하는 데 참여하도록조대
이86．００ｍｍ００67ｍ０ｍ6０５ ０8００１０         된공동체 구성원중 하나가되어행운

０8ｍ００86１ｍ8００7０１３００9 9０００００          이었다 그 이후로 우리는 8０의 성공에
００１００9 8０ 9０ ００００．０００００００           필수적인안전한 문화를 육성 할 수 없
５００8１7００．０8０００8１００ｍ００１０             도록제한하는 험통 규범의 한계에 대
１０５５００５．０００ｍｍｍ１０8００５１０．００7０００6아      해두가지 교룬을 얻었습니다
００7００4．88（１99ｍ０69．０５8０ｍ8００9         ２０１５０００００１１００（6．8０．００이
０００１０．０48０００ １8０．５０86．０００００                ００7０００8０．００67００５9５００6００8

０５５０００8１１０ ００５．５００００５５                        6００００ｍ．9０ｍ．００００88．００
"
,"저기 저 위태로워 보이는 낙엽은 우리를 보는 것 같아서
손이 닿으면 단숨에라도 바스라질 것만 같아서
그저 바라만 봤지 가을의 바람과 같이

어느새 차가워진 말투와 표정

관계는 시들어만 가는 게 보여

가을 하늘처럼 공허한 사이

예전과는 다른 모호한 차이

오늘따라 훨씬 더 조용한 밤

가지 위에 달린 낙엽 한 장

부서지네 끝이란 게 보여 말라가는 고엽

초연해진 마음속의 고요

제발 떨어지지 말아주오

떨어지지 말아줘 바스라지는 고엽
"
,"０．０５３6０００３０５３０기키에２１０１
１５０３
５88１０다 8１8  8１０7００78  8１０7０8 １ ０１０7００8 ㅡ7５１００
１０５３０8조리１9르０ 매러으8３５２０１０２4１１
００５３０8５５００１５이디３００겨6０8０１7３００보67１０１００9리
５０５０8랠０５００００１9０００9０００6이１００００５５３6００령6１３００7３론보디１０１０１１０５００8

０8００３０
늘으５０００１8２１０００6．５２１００３３０００３１０9해느니０8２０
０8３０１96게ｍ    98００１１ １０１6 １００8테애 아 ０５8 4０１０6 １１１6

  

０8３０．３２０4에１００２０５9바즈바그6０１１０．００헤6３０２０87．０래6
를２9해００１３       9００이１ ００１ 8０（ １０646 １8００8
님００１8０１０      6０8３ｍ００００7．9０보５５００００
늘랬이그０００３        ０9훼이０리００．０6００００96３
１１티리 ２ 87００8０마５．０００ ２１１０4５9
늘이비니           9００１１ ０００8．５００897５０6１００ 8０9５
를으8１           ０94에０００３０１１０３３１０３

３１트 77０５8 ００6１００５ １49５6 ０００１7 8０１０7０ ０ ００ｍ１9１１6

００88５００4０３０１００
０   ０르５０００５０7１０6３３００코３５５３6００8００５０１
    이이０１데으．３．５4０4０３００7１7０１０１
０   ００００３8데아에 ５０５１０8０재리로앤디００르５０로００혀０３6１５０
０   6１１ ００6０8０치２ １０００8 ５００００78０6１００． 846００ ０9０． （０8１8１8
아   ０6０4３３．０7０００984０１．０9해０１．３초００００（３．．３
ㅂ    ０6０4３．０３００9０１１이내００8０초２１１０．라영１０．7．０7３
8   ０３０이게조１００００１００００9０88０회으
7   １１０라 6 １8００8 ０５ 8 ５１００１５ １０4 １１０6
8   １7００５ ０8 １88０8 ０５ 8 ５１００１ ０7０
０   １０라 태 １8００8 ０５ 8 ５１０9１6 ００9 １０ 8 이０１
１   １7０86 태6１０００8 ０５ 8 ５１０9１6 다878다아
비   98０7５8 １０다． ㅑ１００．０8 삐에 8０4 ０５ ００５9１이으 １9 ００ ０8０6１의１87 ００87
１２   9００7５8 １０안 비네 ００
티   이오０．００１０．３１０키１００8．０88기기０8０１００
１０8５５１００ １３００6 하 ０7０ １０５9０7０아５０6０１１１０

００8 ５０１０6 ００9５
１6０５０５０１０３０１9
    １３１０리２０１8１０１０３５００9
０    ００５제３１．０５０１０３３
뭄   ０３０미케０００５．００００켜대０００9０

8０００8５０３０１５

해애 찌7１ｍ8１ 8０１ ０５５００8

8１０87０１０리리재리３０００１8．．０５３6
００7０．０8５５4０００３００１．５
００００9３０１１３００．３３

이즈8０디베니０００8（１

０9그０        １8０３１００64（께디００．8재리레으０３０５３５１7１．３
늘개니５이이２００   8１０6 8２５５０１００6 ００7０8０6０7５

   
"
etc,"１０6０발신

전국２시간내배송근조축하５단
화환기존１０만원상품
＂５9．０００원
１００．7０００２4５１００44
"
etc,"대리운전１５88．５５００번

 

리１우수회원님
글누적３역은
는１１５５００점］
불러주세요
8５００２５３．０8０
"
etc,"늘안전운렌

 

편만하고안전한

귀가는

꿀１５77．7777

금일이용시

6０００점적립１

음주단속확대실시중입니다
새벽6시까지획대

집종단속종이니

운랭에첨고하세요

거０8０．０５4０００7
"
etc,"（때쩡큐리78００５００５
스깨비듸르

1800 ５００５

해큐에래

 

（데밍큐
（8１8００．５００５

０8０．88５．５００５ㄱㅓ
"
etc,"０００6발신
광고１５88운전
어회마일５０００
10회들랙박스대
전자담배증정

무료거부
０8０8５２１１１7
"
etc,"산 실천                             면쥐
ㄱ 6． 심리학 실험                            빼

어린아미에게 마시결로 １개를 주고 １５부돔 역지 않고 참으면 ２개를 주기르 했글 째먹지 않고참아서 ２개를 받은 아이들이커서 그퀼지 않았던아
이를보다더훌룸하게 되웠다는 시칵 실휩인마시열로 이야7＂가 있다 미쿡에서 이실험에 참가한 호아레 포사다는같은 이르의 자기계발서도
내다 하지콴이실혐메 대해서 논키 많은데． 이를데면２０7３년 르제스터대학교의 를리 글메리와리저드아슬퀸은 １귈 4０００ｍ8０7에8０００78１５０３
０００이라는제큭으르 발표한 는문에서 이 연구궐과예 대해의구슬 표하며젓 번째 마시결로를 빨키 막은 아이를 줌 금부는 참클성이부죽해민것
이 아니라 나줌에 들아오뮌 하나를 더 주겼다는 연구퀀의 갈을 의심했기 때룬이라고 한다 그들은 안잔 콴경메서자칸 아이들은 믹는것이감
는겟이라는 샹칵을 캇게 원다는같을 남기며 ＂점적인 콴경에서 자칸 아이들뀔수륵 곽속이지켜뀔 것이라고기대하며 즘더오래기다리는 경창이
이대과고주졌다롭
"
정부,
,"Questions 153154 refer to the following advertisement

The Mountain View
in the heart of beautiful Basel Gwitzerfand

GRAND OPENING

Reduced rates — from September to November all rooms are 20 reduced
Great location — within walking distance to old city center and museums
Modern facilities — luxury suites Internet access fitness room
Complimentary breakfast

For more information or to book a room please contact us at
The Mountain View
Neue Gasse 34
8008 Basel
Switzerland
4144 555 41 67
Or visit us online at wwwmountainviewcom

 
"
,"English       튜 48  Korean »        Oo

In November 2015 we introduced the         ２０１５ 4 11 BO Go Go of Conduct
Go Code of Conduct It was developed        도입했습니다 6００００의 6０ 팀원과
in a collaboration between the Go     GoAFHE 29 SS YASS HS

team members at Google and the Go         되었습니다 UE BL Bs ses
community  was fortunate to be one          지키고시랭하는 G HOSES ACH
of the community members invited to         SSA TSH S SLs BS

participate in both drafting and then          이었다 그 이후로 우리는 8０의 성공에
enforcing the Go Code of Conduct           필수적인안전한 문화를 육성 할 수 없
Since then we have learned two             ES ASE BS FAQ S704 Ch
lessons about limitations in our code of      oF 7A wee SRSU Ch
conduct that restricted us from being         2015 nyeon 11 wole Go Go of

able to cultivate the safe culture                Conductleul doibhaessseubnida

essential to Gos success                        Googleui Go timwongwa Go
"
,"저기 저 위태로워 보이는 낙엽은 우리를 보는 것 같아서
손이 닿으면 단숨에라도 바스라질 것만 같아서
그저 바라만 봤지 가을의 바람과 같이

어느새 차가워진 말투와 표정

관계는 시들어만 가는 게 보여

가을 하늘처럼 공허한 사이

예전과는 다른 모호한 차이

오늘따라 훨씬 더 조용한 밤

가지 위에 달린 낙엽 한 장

부서지네 끝이란 게 보여 말라가는 고엽

초연해진 마음속의 고요

제발 떨어지지 말아주오

떨어지지 말아줘 바스라지는 고엽
"
,"０．０５３6０００３０５３０기키에２１０１
１５０３
５88１０다 8１8  8１０7００78  8１０7０8 １ ０１０7００8 ㅡ7５１００
１０５３０8조리１9르０ ete
Secreto eto et Lote nee
５０５０8랠０５００００１9０００9０００6이１００００５５３6００ eo oo

０8００３０
ee eo ee
Tee ema lal    pS fol Saeco Deo oe １１１6

  

Tea oR eee래6
fms ER Ga       9００이１ ００１ 8０（ １０646 １8００8
cae amc      peel aU emo canned
crea melas        can mee od od
ea ee ee ec
늘이비니           9００１１ ０００8．５００897５０6１００ 8０9５
Senso           OMe

PO See oe ae eee ele ee La

ee i eed
０   Orientation and script detection OSD only
1    Oe ae lil
2   Police ta temo Met lected a OO Oe Ae
3   6１１ ００6０8０치２ １０００8 ５００００78０6１００． 846００ ０9０． （０8１8１8
4   ０6０4３３．０7０００984０１．０9해０１．３ o Rd
ㅂ    ool ea Meld lore ae eo
8   eee Mel ore ae oa
7   ie
8   １7００５ ０8 １88０8 ０５ 8 ５１００１ ０7０
０   Treat the image as a single word in a circle
１   １7０86 et econ
비   98０7５8 １０다． ㅑ１００．０8 삐에 8０4 ０５ ００５9１이으 １9 ００ ０8０6１의１87 ００87
１２   9００7５8 １０안 비네 ００
티   CR ee ae
cea Me a OCs ol od Rd

００8 ５０１０6 ００9５
Pom
i    Neural nets LSTM engine only
2    oe
3   Default based on what is available

Single options

Show minimal help message

Slee ate ele em es

SS Te tees eta ele cd

Show OCR Engine modes

Show version information

laure        Ce ae oe en
eee ey   gee

   
"
etc,"１０6０발신

전국２시간내배송근조축하５단
화환기존１０만원상품
＂５9．０００원
www1600245icokr
"
etc,"대리운전１５88．５５００번

 

aera ae
글누적３역은
는１１５５００점］
BENQ
8500253080
"
etc,"Sse

 

편만하고안전한

귀가는

꿀１５77．7777

금일이용시

6０００점적립１

음주단속확대실시중입니다
새벽6시까지획대
ASISSOL

Lao SDs2

71080 034 0007
"
etc,"（때쩡큐리78００５００５
스깨비듸르

1800 ５００５

해큐에래

 

qHhar
el18005005

08088550057 4
"
etc,"０００6발신
광고１５88운전
어회마일５０００
10희들렉박스대
전자담배증정

무료거부
0808521117
"
etc,"Sale                             ay
ㄱ 6． 심리학 실험                            빼

Ofzlofolol al OFA Ae 17h ST 1S SE OIA IT HOS 7B B71S Me 째먹지 않고참아서 ２개를 we OO HO A144 182 alate oF
이를보다더훌룸하게 되웠다는 Lele} Peel ObAlMe 10b774 ACF O OLA O AHO 47} Sore  RACE Ze ogo AAAS
SACH GHAIGE 0 BO} HAA eto BLU OBE 201I9e SAAE chemo He Bojelst 21x of ele 18 CognitionOl Rational Sna
ching Ol2} MR S2 LH ELOL A O CF ATO Chey TAS Heo vw LIM OFAlMew wel We Ools SWE Hes RAS 2
Ol OfL2t ESO SOS SLES SACHS IF so as  g7 WavOlaD SC ISS wese HAA Met OF IE Hl et
 Wits Sate 2 ICE Se 714 “PIA BALA Het OFS AR SO Al7Iw Aojera 7ICHspO Hc Oey 7ICHe Azo
SACHetD SSAC
"
정부,
,"０００98００8．１５３１５47０6１１０ｍ００１００4０9．０００００５０ｍ００ㄴ

7１46 １4（6ｍｍ6３１ｍ １68
ｍ１8０．8０００．０ 8００비링49３０５０（ 읍뻐１００１０제

０돠프8．쓰５88１０7 ００１6５１8２6１（78．０과

8０００6０ １게떼8０8１５００8０8０7０888０１ｍ０ｍ8꽤２２０86００００００8
０００8１００8０ｍㅡ１9００8 ００6０8．０88００68０．００．０87０００6１３０4ｍｍ０００8
8０００8０ ００88에］6０68 8１88０ｍ6（３０００8．０００8．ｍ００ｍ
０００88ｍ8００8０３ 8１００6３

１０００３００００００7０7０００００7０7０7．０7０３
7００ ３8００１ 7０
１7０００ ０００５０ ０4
０００8 ０００１
에8２０8０００
어 44 ５５５ １ 67
０77ｍ．０．００１０6ｍ１０테．ｍ０００8ｍ００．００ｍ

 
"
,"５０9태 ㅜ      튜 48 ０ 아 ０ １００ｍ ㅜ        １０ 9０

１０9０００ｍ66２０１５． ００ ００００００         ２０１５ 년 １１ 월에 6０ ００아 ００００００를
００．9００6야 ００００００ １０8５．０００8１００9０        도입했습니다 6００００의 6０ 팀원과
１ｍ8．００１０５０１０１０7．００646０ｍ 6 6０     ００커뮤니티 간의공동작업으로개발

１68ｍｍ０ｍ００１５０１０００96．０００ｍ6 ００         되었습니다 나는행운의 함돔 규범을
００ｍｍｍ０１8．１１9０５０００００6１０ 6０ ０００          지키고시랭하는 데 참여하도록조대
이86．００ｍｍ００67ｍ０ｍ6０５ ０8００１０         된공동체 구성원중 하나가되어행운

０8ｍ００86１ｍ8００7０１３００9 9０００００          이었다 그 이후로 우리는 8０의 성공에
００１００9 8０ 9０ ００００．０００００００           필수적인안전한 문화를 육성 할 수 없
５００8１7００．０8０００8１００ｍ００１０             도록제한하는 험통 규범의 한계에 대
１０５５００５．０００ｍｍｍ１０8００５１０．００7０００6아      해두가지 교룬을 얻었습니다
００7００4．88（１99ｍ０69．０５8０ｍ8００9         ２０１５０００００１１００（6．8０．００이
０００１０．０48０００ １8０．５０86．０００００                ００7０００8０．００67００５9５００6００8

０５５０００8１１０ ００５．５００００５５                        6００００ｍ．9０ｍ．００００88．００
"
,"저기 저 위태로워 보이는 낙엽은 우리를 보는 것 같아서
손이 닿으면 단숨에라도 바스라질 것만 같아서
그저 바라만 봤지 가을의 바람과 같이

어느새 차가워진 말투와 표정

관계는 시들어만 가는 게 보여

가을 하늘처럼 공허한 사이

예전과는 다른 모호한 차이

오늘따라 훨씬 더 조용한 밤

가지 위에 달린 낙엽 한 장

부서지네 끝이란 게 보여 말라가는 고엽

초연해진 마음속의 고요

제발 떨어지지 말아주오

떨어지지 말아줘 바스라지는 고엽
"
,"０．０５３6０００３０５３０기키에２１０１
１５０３
５88１０다 8１8  8１０7００78  8１０7０8 １ ０１０7００8 ㅡ7５１００
１０５３０8조리１9르０ 매러으8３５２０１０２4１１
００５３０8５５００１５이디３００겨6０8０１7３００보67１０１００9리
５０５０8랠０５００００１9０００9０００6이１００００５５３6００령6１３００7３론보디１０１０１１０５００8

０8００３０
늘으５０００１8２１０００6．５２１００３３０００３１０9해느니０8２０
０8３０１96게ｍ    98００１１ １０１6 １００8테애 아 ０５8 4０１０6 １１１6

  

０8３０．３２０4에１００２０５9바즈바그6０１１０．００헤6３０２０87．０래6
를２9해００１３       9００이１ ００１ 8０（ １０646 １8００8
님００１8０１０      6０8３ｍ００００7．9０보５５００００
늘랬이그０００３        ０9훼이０리００．０6００００96３
１１티리 ２ 87００8０마５．０００ ２１１０4５9
늘이비니           9００１１ ０００8．５００897５０6１００ 8０9５
를으8１           ０94에０００３０１１０３３１０３

３１트 77０５8 ００6１００５ １49５6 ０００１7 8０１０7０ ０ ００ｍ１9１１6

００88５００4０３０１００
０   ０르５０００５０7１０6３３００코３５５３6００8００５０１
    이이０１데으．３．５4０4０３００7１7０１０１
０   ００００３8데아에 ５０５１０8０재리로앤디００르５０로００혀０３6１５０
０   6１１ ００6０8０치２ １０００8 ５００００78０6１００． 846００ ０9０． （０8１8１8
아   ０6０4３３．０7０００984０１．０9해０１．３초００００（３．．３
ㅂ    ０6０4３．０３００9０１１이내００8０초２１１０．라영１０．7．０7３
8   ０３０이게조１００００１００００9０88０회으
7   １１０라 6 １8００8 ０５ 8 ５１００１５ １０4 １１０6
8   １7００５ ０8 １88０8 ０５ 8 ５１００１ ０7０
０   １０라 태 １8００8 ０５ 8 ５１０9１6 ００9 １０ 8 이０１
１   １7０86 태6１０００8 ０５ 8 ５１０9１6 다878다아
비   98０7５8 １０다． ㅑ１００．０8 삐에 8０4 ０５ ００５9１이으 １9 ００ ０8０6１의１87 ００87
１２   9００7５8 １０안 비네 ００
티   이오０．００１０．３１０키１００8．０88기기０8０１００
１０8５５１００ １３００6 하 ０7０ １０５9０7０아５０6０１１１０

００8 ５０１０6 ００9５
１6０５０５０１０３０１9
    １３１０리２０１8１０１０３５００9
０    ００５제３１．０５０１０３３
뭄   ０３０미케０００５．００００켜대０００9０

8０００8５０３０１５

해애 찌7１ｍ8１ 8０１ ０５５００8

8１０87０１０리리재리３０００１8．．０５３6
００7０．０8５５4０００３００１．５
００００9３０１１３００．３３

이즈8０디베니０００8（１

０9그０        １8０３１００64（께디００．8재리레으０３０５３５１7１．３
늘개니５이이２００   8１０6 8２５５０１００6 ００7０8０6０7５

   
"
etc,"１０6０발신

전국２시간내배송근조축하５단
화환기존１０만원상품
＂５9．０００원
１００．7０００２4５１００44
"
etc,"대리운전１５88．５５００번

 

리１우수회원님
글누적３역은
는１１５５００점］
불러주세요
8５００２５３．０8０
"
etc,"늘안전운렌

 

편만하고안전한

귀가는

꿀１５77．7777

금일이용시

6０００점적립１

음주단속확대실시중입니다
새벽6시까지획대

집종단속종이니

운랭에첨고하세요

거０8０．０５4０００7
"
etc,"（때쩡큐리78００５００５
스깨비듸르

1800 ５００５

해큐에래

 

（데밍큐
（8１8００．５００５

０8０．88５．５００５ㄱㅓ
"
etc,"０００6발신
광고１５88운전
어회마일５０００
10회들랙박스대
전자담배증정

무료거부
０8０8５２１１１7
"
etc,"산 실천                             면쥐
ㄱ 6． 심리학 실험                            빼

어린아미에게 마시결로 １개를 주고 １５부돔 역지 않고 참으면 ２개를 주기르 했글 째먹지 않고참아서 ２개를 받은 아이들이커서 그퀼지 않았던아
이를보다더훌룸하게 되웠다는 시칵 실휩인마시열로 이야7＂가 있다 미쿡에서 이실험에 참가한 호아레 포사다는같은 이르의 자기계발서도
내다 하지콴이실혐메 대해서 논키 많은데． 이를데면２０7３년 르제스터대학교의 를리 글메리와리저드아슬퀸은 １귈 4０００ｍ8０7에8０００78１５０３
０００이라는제큭으르 발표한 는문에서 이 연구궐과예 대해의구슬 표하며젓 번째 마시결로를 빨키 막은 아이를 줌 금부는 참클성이부죽해민것
이 아니라 나줌에 들아오뮌 하나를 더 주겼다는 연구퀀의 갈을 의심했기 때룬이라고 한다 그들은 안잔 콴경메서자칸 아이들은 믹는것이감
는겟이라는 샹칵을 캇게 원다는같을 남기며 ＂점적인 콴경에서 자칸 아이들뀔수륵 곽속이지켜뀔 것이라고기대하며 즘더오래기다리는 경창이
이대과고주졌다롭
"
정부,
,"０００98００8．１５３１５47０6１１０ｍ００１００4０9．０００００５０ｍ００ ㄴ

7１46 １4（6ｍｍ6３１ｍ １68
ｍ１8０．8０００．０ 8００ 비 링 비 9３０５０ 읍 뻐 １００１０ 제

０ 돠 프 8． 쓰 ５．788１０ ００１6５１8２6１（78．０ 과

０００6０ １ 게 떼 8０8１５００8０8０7０888０１ｍ０ｍ8 꽤 ２２０86００００００8
０００8１００8０ｍ ㅡ １9００8 ００6０8．０88００68０．００．０87０００6１３０4ｍｍ０００8
제 ０００8０ ００88 에 ］6０68 8１88０ｍ6（３０００8．０００8．ｍ００ｍ
０００88ｍ8００8０３ 8１００6３０

１０００３００００００7０7０００００7０7０7．０7０３
7００ ３8００１ 7０
１7０００ ０００５０ ０4
０００8 ０００１
에 8２０8０００
이 44 ５５５ １ 67
０77ｍ．０．００１０6ｍ１０ 테 ．ｍ０００8ｍ００．００ｍ

 
"
,"５０9 태  튜 48 ０ 아 ０ １００ｍ  １０ 9０

１０9０００ｍ66２０１５． ００ ｍ００００００００１０ ２０１５ 년 １１ 월 에 6０ ００ 아 ００００００ 를
００．9００6 야 ０００００ １０8５．０００8１００9０ 도 입 했습니다 6００００ 의 6０ 팀 원 과
１ｍ8．００１０５０１０１０7．００646０ｍ 6 6０ ００ 커 뮤 니티 간 의 공 동 작 업 으 로 개발

１68ｍｍ０ｍ００１５０１０００96．０００ｍ6 ００ 되었습니다 나 는 행 운 의 함 돔 규 범 을
００ｍｍｍ０１8．１１9０５０００００6１０ 6０ ０００ 지키고 시 랭 하는데 참 여 하도록 초대
이 86．００ｍｍ００67ｍ０ｍ6０５ 8００１０ 된 공 동체 구성원 중 하 나 가 되 어 행 운

０8ｍ００86１ｍ8００7０１３００9．9００１０００ 이었다 그 이 후 로 우 리 는 8０ 의 성 공 에
００００9 8０ 9０ ００００．０００００００ 필수적인 안전한 문 화 를 육성 할수 없
５００8１7００．０8０００8１００ｍ００１０ 도 록 제 한 하는 햄 동 규 범 의 한 계 에 대
１０５５００５．０００ｍｍｍ１０8００５１０．００7０００6 아 해 두 가 지 교 룬 을 얻 었 습니다
００7００4．88（１99ｍ０69．０５8０ｍ8００9 ２０１５０００００１１００（6．8０．００ 이
０００１０．０48０００ １8０．５０86．０００００ ００7０００8０．００67００５9５００6００8

０５５０００8１１０ ００５．５００００５５ 6００００ｍ．9０ｍ．００００88．００
"
,"저기 저 위 태 로워 보이는 낙 엽 은 우 리 를 보는 것 같아서
손 이 닿 으 면 단 숨 에 라도 바 스 라 질 것만 같아서
그저 바라만 봤지 가 을 의 바 람 과 같이

어느새 차 가 워 진 말 투 와 표정

관 계 는 시 들 어 만 가는 게 보여

가을 하 늘 처럼 공허한 사이

예 전 과 는 다른 모호한 차이

오 늘 따라 훨씬 더 조용한 밤

가지 위에 달린 낙엽 한 장

부 서 지네 끝 이 란 게 보여 말 라 가 는 고 엽

초 연 해진 마 음 속의 고요

제발 떨어지지 말 아 주오

떨어지지 말 아 줘 바 스 라 지 는 고 엽
"
,"０．０５３6０００３０５３０ 기 키 에 ２１０１
１５０３
５88１０ 다 8１8  8１０7００78  8１０7０8  ０１０7００8  7５１００
１０５３０8 조 리 １9 르 ０ 매 러 으 8３５２０１０２4１１
００５３０8５５００１５ 이 디 ３００ 겨 6０8０１7３００ 보 67１０１００9 리
５０５０8 랠 ０５００００１9０００9０００6 이 １００００５５３6００ 령 6１３００7３ 론 보 디 １０１０１１０５００8

０8．０３０１５
늘 으 ５０００１8２１０００6．５２１００３３０００３１０9 해 느 니 ０8２０
０8３０１96 게 ｍ 98００１ １０１6 １００8 테 애 아 ０５8 4０１０6 １１１6

  

０8３０．３２０4 에 １００２０５9 바 즈 바 그 6０１１０．００ 헤 6３０２０87．０ 래 6
를 ２9 해 ００１３ 9００ 이 １ ００１ 8０（ １０646 １8００8
님 ００１8０１０ 6０8３ｍ００００7．9０ 보 ５５０１０ 로 ０５
늘 랬 이 그 ０００３ ０9 훼 이 ０ 리 ００．０6００００96３
１１ 티 리 ２ 87００8０ 마 ５．０００ ２１１０4５9
늘 이 비 니 9００１１ ０００8．５００897５０6１００ 8０9５
를 으 8１ ０94 에 ０００３０１１０３３１０３

３１ 트 77０５8 ００6１００５ １49５6 ０００１7 8１０7０ ０ ００ｍ１9１１6

００88５００4０３０１００
０ ０ 르 ５０００５０7１０6３３００ 코 ３５５３6００8００５０１
 이 이 ０１ 데 으 ．３．５4０4０３００7１7０１０１
０ ００００３8 데 아래 ５０５１０8０ 재 리 로  앤 디 ００ 르 ５０ 로 ００ 형 ０３6１５００５０
０ 6１１ ００6０8０ 치 ２ １０００8 ５００００78０6１００． 846００ ０9０ （０8１8１8
이 ０6０4３３．０7０００984０１．０9 해 ０１．３ 초 ００００（３．．３
ㅂ ０6０4３．０３００9０１１ 이 내 ００8０ 초 ２１１０． 라 영 １０．7．０7３
8 ０３０ 이 게 조 １００００１００００9０88０ 회 으
１１０ 라 6 １8００8 ０５ 8 ５１００１ １０4 １１０6
8 １7００５ ０8 １88０8 ０５ 8 ５１００１ ０7０
０ １０ 라 태 １8００8 ０５ 8 ５１０9１ ００9 １０ 8 이 ０１
１ １7０86 태 6 １０００8 ０５ 8 ５１０9１6 다 878 다 아
비 98０7５ １０ 다 ． ㅑ １００．０8 띠에 8０4 ０５ ００５9１ 이 으 １9 ００ ０8０6１ 의 １87 ００87
１２ 9０7５8 １０ 안 비네 ００
티 이 오 ０．００１０．３１０ 키 １００8．０88 기 기 8．０１３００．7
１０8５５１００ １３００6 하 ０7０ １０５9０7０ 아 ５０6０１１１０

００8 ５０１０6 ００9５
１6０５０５０１０３０１9
 １３１０ 리 ２０１8１０１０３５００9
０ ００５ 제 ３１．０５０１０３３
０３０ 미 케 ０００５．００００ 켜 대 ０００9０

8０００8５０３０１５

해 애 찌 7１ｍ8１ 8０１ ００５５００8

8１０87０１０ 리 리 재 리 ３０００１8．．０５３6
００7０．０8５５4０００３００１．５
００００9３０１１３００．３３

이 즈 8０ 디 베 니 ０００8（１

０9 그 이 １8０３１００64（ 께 디 ００．8 재 리 레 으 ０３０５３５１7１．３
늘 개 니 ５ 이 ０２００ 8１０6 8２５５０１００6 ００7０8０6０7５

   
"
etc,"１０6０ 발 신

전 국 ２ 시 간 내 배 송 근 조 축 하 ５ 단
화 환 기 존 １０ 만 원 상 품
＂５9．０００ 원
１００．7０００２4５１００44
"
etc,"대 리 운 전 １５88．５５００ 번

 

리 １ 우 수 회 원 님
글  누 적 ３ 역 은
는 １１５５００ 점 ］
불 러 주세요
8５００２５３．０8０
"
etc,"늘  안 전 운 렌

 

편 만 하 고 안전한

귀 가 는 

꿀 １５77．7777

금 일 이용시

6０００ 점 적립

음 주 단 속 확 대 실 시 중 입 니다
새 벽 6 시 까 지 획 대

집 종 단 속 종 이 니

운 랭 에 첨 고 하 세요

거 ０8０．０５4０００7
"
etc,"（ 때 쩡 큐 리 78００５００５
스 깨 비 듸 르

１ 번 반 ５００５

해 큐 에레

 

（ 데 밍 큐
（8１8００．５００５

０8０．88５．５００５ ㄱ ㅓ
"
etc,"０００6 발 신
광 고 １５88 운 전
어 회  마 일 ５０００
１０ 회  블 랙 박스
전 자 담 배 증정

무 료 거부
０8０8５２１１１7
"
etc,"산 실천 면 쥐
ㄱ 6． 심리학 실험 빼

어 린 아 미 에게 마 시 결로 １ 개 를 주고 １５ 부 둠 억지 않고 참 으면 ２ 개 를 주기로 했 글 째 먹지 않고 참 아 서 ２ 개 를 받은 아 이 들 이 커 서 그 퀄 지 않 았 던 아
이 를 보 다 더 훌 룸 하게 되 웠 다 는 시학 실 휩 인  마 시 열로 이 야 7＂ 가 있다 미 쿡 에서 이 실험 참가한 호 아 레 포 사 다 는 같 은 이 르 의 자 기 계 발 서 도
내다 하 지 콴 이 실 혐 메 대해서 논 키 많은데 이 를 데 면 ２０7３ 년 로체스터 대 학 교 의 를 리 글 메 리 와 리 저 드 아 슬 퀸 은 １ 귈 4０００ｍ8０7 에 8０００78１５０３
０００ 이 라 는 제 큭 으르 발 표 한 는 문 에서 이 연구 궐 과 에 대 해 의 구 슬 표 하 며  젓 번째 마 시 결 로 를 빨리 막은 아이들 줌 금 부 는 참 클 성 이 부 죽 해 민 것
이 아니라 나중에 들 아 오 뀐 하 나 를 더 주 졌다는 연 구 퀀 의 갈 의 심 했기 때 룬  이 라고 한다 그들은 안정환 콴 경 메 서 자 칸 아 이 들 은 믹 는 것 이감
는 겟 이라는 샹 칵 을 캇 게 원 다  는 같 을 남기며 ＂ 점 적인 콴 경 에서 자 콴 아 이 들 뀔 수 륵 곽 속이 지 켜 끌 것이라고 기 대 하며 즘 더 오 래 기다리는 경 창이
이 대 과 고 주 졌 다 롭
"
정부,
,"Questions 153154 refer to the following advertisement

The Mountain View
in the heart of beautiful Basel Gwitzerfand

GRAND OPENING

Reduced rates — from September to November all rooms are 20 reduced
Great location — within walking distance to old city center and museums
Modern facilities — luxury suites Internet access fitness room
Complimentary breakfast

For more information or to book a room please contact us at
The Mountain View
Neue Gasse 34
8008 Basel
Switzerland
4144 555 41 67
Or visit us online at wwwmountainviewcom

 
"
,"English  튜 48  Korean » Oo

In November 2015 we introduced the ２０１５ 4 11 BO Go Go of Conduct
Go Code of Conduct It was developed 도 입 했습니다 6００００ 의 6０ 팀 원 과
in a collaboration between the Go GoAFHE 29 SS YASS HS

team members at Google and the Go 되었습니다 UE BL Bs ses
community  was fortunate to be one 지키고 시 랭 하는데 참 여 하도록 초대
of the community members invited to SSA TSH S SLs BS

participate in both drafting and then 이었다 그 이 후 로 우 리 는 8０ 의 성 공 에
enforcing the Go Code of Conduct 필수적인 안전한 문 화 를 육성 할수 없
Since then we have learned two ES ASE BS FAQ S704 Ch
lessons about limitations in our code of oF 7A wee SRSU Ch
conduct that restricted us from being 2015 nyeon 11 wole Go Go of

able to cultivate the safe culture Conductleul doibhaessseubnida

essential to Gos success Googleui Go timwongwa Go
"
,"저기 저 위 태 로워 보이는 낙 엽 은 우 리 를 보는 것 같아서
손 이 닿 으 면 단 숨 에 라도 바 스 라 질 것만 같아서
그저 바라만 봤지 가 을 의 바 람 과 같이

어느새 차 가 워 진 말 투 와 표정

관 계 는 시 들 어 만 가는 게 보여

가을 하 늘 처럼 공허한 사이

예 전 과 는 다른 모호한 차이

오 늘 따라 훨씬 더 조용한 밤

가지 위에 달린 낙엽 한 장

부 서 지네 끝 이 란 게 보여 말 라 가 는 고 엽

초 연 해진 마 음 속의 고요

제발 떨어지지 말 아 주오

떨어지지 말 아 줘 바 스 라 지 는 고 엽
"
,"０．０５３6０００３０５３０ 기 키 에 ２１０１
１５０３
５88１０ 다 8１8  8１０7００78  8１０7０8  ０１０7００8  7５１００
１０５３０8 조 리 １9 르 ０ ete
Secreto eto et Lote nee
５０５０8 랠 ０５００００１9０００9０００6 이 １００００５５３6００ eo oo

０8．０３０１５
ee eo ee
Tee ema lal pS fol Saeco Deo oe １１１6

  

Tea oR eee 래 6
fms ER Ga 9００ 이 １ ００１ 8０（ １０646 １8００8
cae amc peel aU emo canned
crea melas can mee od od
ea ee ee ec
늘 이 비 니 9００１１ ０００8．５００897５０6１００ 8０9５
Senso OMe

PO See oe ae eee ele ee La

ee i eed
０ Orientation and script detection OSD only
1 Oe ae lil
2 Police ta temo Met lected a OO Oe Ae
3 6１１ ００6０8０ 치 ２ １０００8 ５００００78０6１００． 846００ ０9０ （０8１8１8
4 ０6０4３３．０7０００984０１．０9 해 ０１．３ o Rd
ㅂ ool ea Meld lore ae eo
8 eee Mel ore ae oa
7 ie
8 １7００５ ０8 １88０8 ０５ 8 ５１００１ ０7０
０ Treat the image as a single word in a circle
１ １7０86 et econ
비 98０7５ １０ 다 ． ㅑ １００．０8 띠에 8０4 ０５ ００５9１ 이 으 １9 ００ ０8０6１ 의 １87 ００87
１２ 9０7５8 １０ 안 비네 ００
티 CR ee ae
cea Me a OCs ol od Rd

００8 ５０１０6 ００9５
Pom
 Neural nets LSTM engine only
2 oe
3 Default based on what is available

Single options

Show minimal help message

Slee ate ele em es

SS Te tees eta ele cd

Show OCR Engine modes

Show version information

laure Ce ae oe en
eee ey gee

   
"
etc,"１０6０ 발 신

전 국 ２ 시 간 내 배 송 근 조 축 하 ５ 단
화 환 기 존 １０ 만 원 상 품
＂５9．０００ 원
www1600245icokr
"
etc,"대 리 운 전 １５88．５５００ 번

 

aera ae
글  누 적 ３ 역 은
는 １１５５００ 점 ］
불 러 주세요
8５００２５３．０8０
"
etc,"Sse

 

편 만 하 고 안전한

귀 가 는 

꿀 １５77．7777

금 일 이용시

6０００ 점 적립

음 주 단 속 확 대 실 시 중 입 니다
새 벽 6 시 까 지 획 대
ASISSOL

Lao SDs2

71080 034 0007
"
etc,"（ 때 쩡 큐 리 78００５００５
스 깨 비 듸 르

eae 5005

a oaee

 

qHhar
el18005005

08088550057 4
"
etc,"０００6 발 신
광 고 １５88 운 전
어 회  마 일 ５０００
１０ 회  블 랙 박스
전 자 담 배 증정

무 료 거부
0808521117
"
etc,"산 실천 ay
ㄱ 6． 심리학 실험 빼

Ofzlofolol al OFA Ae 17h ST 1S SE 억지 않고 참 으면 ２ 개 를 주기로 했 글 째 먹지 않고 참 아 서 ２ 개 를 we OO HO A144 182 alate oF
이 를 보 다 더 훌 룸 하게 되 웠 다 는 Lele} Peel ObAlMe 10b774 ACF O OLA 이 실험 참가한 호 아  RACE Ze ogo AAAS
내다 하 지 콴 0 BO} HAA eto BLU OBE 201I9e SAAE chemo He Bojelst 21x of ele 18 CognitionOl Rational Sna
ching Ol2} MR S2 LH ELOL A O CF ATO Chey TAS Heo vw LIM OFAlMew wel We Ools SWE Hes RAS 2
이 아니라 ESO SOS SLES SACHS IF so as  g7 WavOlaD SC ISS wese HAA Met OF IE Hl et
 Wits Sate 2 ICE Se 714 “PIA BALA Het OFS AR SO Al7Iw Aojera 7ICHspO Hc Oey 7ICHe Azo
SACHetD SSAC
"
정부,
,"Questions 153154 refer to the following advertisement

The Mountain View
in the feat of beautiful Basel Switzerland

GRAND OPENING

Reduced rates — from September to November all rooms are 20 reduced
Great location — within walking distance to old city center and museums
Modern facilities — luxury suites Internet access fitness room
Complimentary breakfast

For more information or to book a oom please contact us at
The Mountain View
Neue Gasse 34
8008 Basel
Switzerland
4144 555 4167
Or visit us online at wwwmountainviewcom

 
"
,"English       분 때 Korean         0 ©

In November 2015 we introduced the        2015 4 11 of Go Go of Conduct®
Go Code of Conduct It was developed   2 3i LIC} Google® Go   at
in a collaboration between the Go             Go {RLIE 22 BE ago shy
team members at Google and the Go         되었습니다 나는 행운의 행동 규범을
community  was fortunate to be one          지키고 시행하는 데 참여하도록 초대
of the community members invited to         된 공동체 구성원 중 하나가되어 행운
participate in both drafting and then           이었다 그 이후로 우리는 60의 성공에
enforcing the Go Code of Conduct           필수적인 안전한 문화를 육성 할 수 없
Since then we have learned two              도록 제한하는 행동 규범의 한계에 대
lessons about limitations in our code of       해 두 가지 교훈을 얻었습니다
conduct that restricted us from being         2015 nyeon 11 wole Go Go of

able to cultivate the safe culture                Conductleul doibhaessseubnida

essential to Gos success                        Googleui Go timwongwa Go
"
,"저기 저 위태로워 보이는 낙엽은 우리를 보는 것 같아서
손이 당으면 단숨에라도 바스라질 것만 같아서
그저 바라만 봤지 가을의 바람과 같이

어느새 차가워진 말투와 표정

관계는 시들어만 가는 게 보여

가을 하늘처럼 공허한 사이

예전과는 다른 모호한 차이

오늘따라 훨씬 더 조용한 밤

가지 위에 달린 낙엽 한 장

부서지네 끝이란 게 보여 말라가는 고엽

초연해진 마음속의 고요

제발 떨어지지 말아주오

떨어지지 말아줘 바스라지는 고엽
"
,"Clserstesseract —helpextra
Nett
tesseract —help  —helpextra  ——helppsm  —helpoem  —version
tesseract —listlangs tessdatadir PATH
tesseract —printparameters options configfile
tesseract imagename imagel ist stdin outputbasestdout options configfile

Neale
——tessdatadir PATH Specify the location of tessdata path
userwords PATH     Specify the location of user words file

  

userpatterns PATH Specify the location of user patterns file
ae IR           Specify DPI for input image
들릴 디라바        ee EET EC TEC ev
RRL에          Set value for config variables
Multiple c arguments are allowed
psm NUM             Specify page segmentation mode
——oem NUM             Specify OCR Engine mode

NOTE These options must occur before any configfile

Page segmentation modes
9    Orientation and script detection 0SD only
    Automatic page segmentation with OSD
2     Automat ic page segmentation but no 03D or OCR not implemented
3    Fully automatic page segmentation but no 0SD Default
4    Assume a single column of text of variable sizes
jl    Assume a single uniform block of vertically aligned text
5    Assume a single uniform block of text
대    Treat the image as a single text line
8    Treat the image as a single word
디    Treat the image as a single word in a circle
10    Treat the image as a single character
n    Sparse text Find as much text as possible in no particular order
12    Sparse text with 0SD
13    Raw line Treat the image as a single text line
bypassing hacks that are Tesseractspecific

008 09106 00965
Legacy engine only
1    Neural nets LSTM engine only
2    Legacy  LSTM engines
3    Default based on what is available

Single options

Show minimal help message

Show extra help for advanced users

Show page segmentation modes

Show OCR Engine modes

Show version information

listlangs          List available languages for tesseract engine
—printparameters     Print tesseract parameters

   
"
etc,"04666발신

전국2시간내배송근조축하3단
화환기존10만원상품
590008
www16002451 coke
"
etc,"대리운전15885500번

 

리1우수회원님
Wiesigele
£45500
불러주세요
8500253080
"
etc,"늘안전운행

 

편안하고 안전한
귀가는

울1577 7777

금일이용시

6000점적립

음주단속 확대실시중입니다
새벽6시까지 확대

집중단속중이니

운행에 참고하세요

거0800540007
"
etc,"cH252118005005
STueiEe

S00 5005

a Roast

 

cher
118005005

0808855005 4
"
etc,"Web
광고1588운전
어회마일5000

10회블랙박스아

전자담배증정
무료거부
0808521117
"
etc,"할실험                             편집
 6 심리학 실험                         a

어린아이에게 마시멜로 1개를 주고 15분 동안 먹지 않고 참으면 2개를 주기로 했을 때 먹지 않고 참아서 2개를 받은 아이들이 커서 그렇지 않았던 아
이를 보다 더 훌륭하게 되었다는 심리학 실험인 마시멜로 이야기가 있다 미국에서 이 실험에 참가한 로마킴 데 포사다는 갈은 이름의 자기계날서도
냈다 하지만 이 실험에 대해서 논란이 많은데 이를테면 2013년 로체스터 대학교의 플리 팔메리와 리처드 애슬린은 1월 009000에 82000 Sna
0400이라는 제목으로 발표한 논문에서 이 연구 결과에 대해 의구심을 표하며 첫 번쩌 마시멜로를 빨리 먹은 아이들 증 밀부는 참율성이 부족했던 것
이 아니라 나중에 들아오면 하나를 더 주겠다는 연구원의 말을 의심했기 때문이라고 한다 그들은 블안정한 환경에서 자란 아이들은 먹는 것이 남
는 것이라는 생락를 갖게 된다는 말을 남기며 안점적인 환경에서 자란 아이들일수록 약속이 지켜질 것이라고 기대하며 줌 더 오래 기다리는 경향이
scien FHC
"
정부,
,"후
"
,"ED
"
,"0
"
,"2
"
etc," 이
"
etc,"룬
"
etc,"은
"
etc,"개
"
etc,"i
"
etc,"zm
"
정부,"40859
"
,"Questions 153154 refer to the following advertisement

The Mountain View
in the feat of beautiful Basel Switzerland

GRAND OPENING

Reduced rates — from September to November all rooms are 20 reduced
Great location — within walking distance to old city center and museums
Modern facilities — luxury suites Internet access fitness room
Complimentary breakfast

For more information or to book a oom please contact us at
The Mountain View
Neue Gasse 34
8008 Basel
Switzerland
4144 555 4167
Or visit us online at wwwmountainviewcom

 
"
,"English                          

In November 2015 we introduced the
Go Code of Conduct It was developed
in a collaboration between the Go
team members at Google and the Go
community  was fortunate to be one
of the community members invited to
participate in both drafting and then
enforcing the Go Code of Conduct
Since then we have learned two
lessons about limitations in our code of
conduct that restricted us from being
able to cultivate the safe culture
essential to Gos success

Korean                        0 ©
2015 44 11 20f Go Go of Conduct®
도입했습니다 600916의 60 팀원과
60커뮤니티 간의 공동 작업으로 개발
되었습니다 나는 행운의 행동 규범을
지키고 시행하는 데 참여하도록 초대
된 공동체 구성원 중 하나가되어 행운
이었다 그 이후로 우리는 60의 성공에
필수적인 안전한 문화를 육성 할 수 없
도록 제한하는 행동 규범의 한계에 대
해 두 가지 교훈을 얻었습니다

2015 nyeon 11 wole Go Go of
Conductieul doibhaessseubnida
Googleui Go timwongwa Go
"
,"저기 저 위태로워 보이는 낙엽은 은 우리를 보는 것 같아서
손이 당으면 단숨에라도 바스라질 것만 같아서
그저 바라만 봤지 가을의 바람과 같이

어느새 차가워진 말투와 표정

관계는 신들어만 가는   게 보여

가을 하늘처럼 공허한 사이

예전과는 다른 모호한 차이

오늘따라 훨씬 더 조용한 밤

가지 위에 달린 낙엽 한 장

부서지네 끝이란 게 보여 말라가는 고엽

초연해진 마음속의 고요

제발 떨어지지 말아주오

떨어지지 말아줘 바스라지는 고엽
"
,"Clserstesseract —helpextra
Nett
tesseract —help  —helpextra  ——helppsm  —helpoem  —version
tesseract —listlangs tessdatadir PATH
tesseract —printparameters options configfile
tesseract imagename imagel ist stdin outputbasestdout options configfile

Neale
——tessdatadir PATH Specify the location of tessdata path
userwords PATH     Specify the location of user words file

  

userpatterns PATH Specify the location of user patterns file
ae IR           Specify DPI for input image
들릴 디라바        ee EET EC TEC ev
RRL에          Set value for config variables
Multiple c arguments are allowed
psm NUM             Specify page segmentation mode
——oem NUM             Specify OCR Engine mode

NOTE These options must occur before any configfile

Page segmentation modes

Orientation and script detection 0SD only

Automatic page segmentation with OSD

Automat ic page segmentation but no 03D or OCR not implemented
Fully automatic page segmentation but no 0SD Default

Assume a single column of text of variable sizes

Assume a single uniform block of vertically aligned text

Assume a single uniform block of text

Treat the image as a single text line

Treat the image as a single word

Treat the image as a single word in a circle

Treat the image as a single character

Sparse text Find as much text as possible in no particular order
Sparse text with 0SD

Raw line Treat the image as a single text line

bypassing hacks that are Tesseractspecific

ETE PEE NEY

008 09106 00965
0    Legacy engine only
1    Neural nets LSTM engine only
2    Legacy  LSTM engines
3    Default based on what is available

Single options

Show minimal help message

Show extra help for advanced users

Show page segmentation modes

Show OCR Engine modes

Show version information

listlangs          List available languages for tesseract engine
—printparameters     Print tesseract parameters

   
"
etc,"466발신

전국2시간내배송근조축하3단
화환기존10만원상품
590008
www16002451 coke
"
etc,"대리운전15885500번

 

리1우수회원님
Wise
£15500
불러주세요
8500253080
"
etc,"늘안전운행

 

편안하고 안전한
귀가는

울1577 7777

금일이용시

6000점 적립

음주단속 확대실시중입니다
새벽6시까지 확대

집중단속중이니

운행에 참고하세요

거0800540007
"
etc,"cH252118005005
STueiEe

S00 5005

a Roast

 

cher
118005005

0808855005 4
"
etc,"Web
광고1588운전
어회마일5000
10회블랙박스

전자담배증정
무료거부
"
etc," 6 심리학 실험                              쁘리
어린아이에게 마시멜로 1개를 주고 15분 동안 먹지 않고 참으면 2개를 주기로 했을 때 먹지 않고 참아서 2개를 받은 아이들이 커서 그렇지 않았던 아

실      시멜로 이야기가 있다 미국에서 이 실험에 참가한 호아킴 데 포사다는 같은 이름의 자기계발서도
냈다 하지만 이 실험에 대해서 논란이 많은데 이를테면 2013년 로체스터 대학교의 홀리 팔메리와 리처드 애슬린은 1월 0090400에 83400 808
0009이라는 제목으로 발표한 논문에서 이 연구 결과에 대해 의구심을 표하며 첫 번째 마시멜로를 빨리 먹은 아이들 중 밀부는 참을성이 부족했던 것
이 아니라 나중에 들아오면 하나를 더 주겠다는 연구원의 말을 의심했기 때문이라고 한다 그들은 불안정한 환경에서 자란 아이들은 먹는 것이 남
는 것이라는 생각을 갖게 된다는 말을 남기며 안정적인 환경에서 자란 아이들일수록 약속이 지켜질 것이라고 기대하며 줌 더 오래 기다리는 경향이

있다라고 주장했다뽑
"
정부,
